PC1,PC2,PC3,PC4,PC5,PC6,PC7,PC8,PC9,PC10,PC11
2.284495234649417,3.3554118657026057,0.66236344024656,-0.8638695330697793,0.05919334828752099,1.0979515703870348,-0.3654723031144225,-0.8033283980156403,-0.08530959506916849,0.8897471224171875,-0.1412760787647106
3.0975825121613636,0.8118527696686738,-0.3060819055654626,0.6401219573832585,1.0378684181209272,0.0126083982683298,-0.7426008723836183,-1.9826071334358781,0.24389424167160903,-0.5461786914308319,0.6520685733711834
1.5414478833962548,1.3441187431663015,-0.5324443606527217,2.3305511712062916,-0.13287599714428328,1.313036459016414,-0.4205115420406334,-0.49574889364377533,1.0735031066265766,0.9346769239439796,-1.426743932704158
2.484714933190261,3.4114824005124214,-2.2674374165191744,0.1681953443671293,-0.08342236459219492,-0.2184660945239042,1.1833725011979486,-0.21077731827187024,-0.7241531348533574,0.49948456284761317,-0.08265750306249846
1.5284298143705475,1.5453716568179938,-1.0778670185211716,2.158932303121219,-0.4974467099952285,0.0365095040948843,-1.703886912938588,-0.25633393411304695,0.22413882252096212,-0.4855297503799542,0.4483956251135557
-0.9811319813425925,0.9301514959780018,-0.8265450007999499,-0.6764580700758486,-1.446649180807757,-0.6959775445334061,0.6701855404990408,-2.149762548248569,1.4038511078086624,0.12444084224366635,-1.026902426892563
1.2267781429307418,-0.09308238205700188,-1.8058112859339421,-1.3175953541376324,1.0414983887389442,0.8771684395455225,-1.4580365673436813,-0.01077478289778645,0.5550605020728787,0.0026261630922412627,0.444485512325992
0.9466331668223166,0.2789063066599809,0.5204756548914635,1.1346176479155503,-0.7052928742955028,0.5396434864735854,-2.4126925878811694,-0.20130825010343142,-0.5075147397547126,-1.3742014035675052,-2.24455096198059
-0.41242568124490736,0.6933684746576846,-1.446313590822884,0.24962377922732926,0.7884799039712787,1.380232791193115,-0.478877834566081,-0.5089687837795972,-0.5592766043514157,0.4331420751239139,-1.2243665764054972
-2.0372566693575376,0.8089250643869276,-0.9611967017525628,-0.19856184478313418,0.8808754522244698,3.1960989777728854,0.11308984434227955,-0.46017446036567833,0.561727293479835,0.14162497119973447,0.0044027231934644475
0.025915007491369536,1.033077768266994,-2.193295209043409,0.6716890698877166,-1.1743060187746681,0.03464840440360349,0.09825293928924438,-0.2228448127824985,0.3556603107059042,-1.1008334831769984,0.7235320919107615
1.8167512087851536,0.26757306092398536,1.6124613592545072,0.8286599619332807,1.243682364538311,0.8089478656269457,-2.2185863949642872,-2.461547202435107,-0.5195057235588928,-0.8974995451105513,-0.148310479010836
-1.1581310610941171,1.6830601335328617,-1.6177553547735588,0.5411928058287968,0.02996478441339816,1.0652293878326147,-1.5668944211415796,0.05186471520078374,0.24166837892436782,0.07686821741854957,0.8095378379389205
-0.8764262376163773,2.0508765895490733,-1.162408627704356,0.6627307435890173,0.33403295658600346,1.5876024299268183,-0.75309460260532,-0.35600801849444147,0.2636409566085245,0.5173727025651188,0.4819640108457504
-1.0339000383863917,2.7186482773923832,-0.25323512136826054,0.5650185395414034,1.1491613404949952,0.7286959122524459,0.32614414676988784,0.4792044696763923,0.8290458391570202,0.38182787757643855,-0.1845515640094781
0.4484233160990541,0.2932005871897867,-2.586532634070133,-0.6263181474987546,0.5936069478567633,1.165372239361386,-0.35172787193594574,0.629511075370367,-0.3884057544526727,-0.723683771022037,0.09788858852995508
-1.1128111751100187,-0.5649021975338733,-0.29948067127110706,-0.8983366489265077,1.246672788430436,-0.3904297871592374,1.7381544142592573,-1.667568833706081,1.0886531348405128,-0.7487600345773011,-0.9638922655771794
0.16290529495191938,3.41711824130961,1.1634458422079494,-1.0432582896674998,0.3883314865552001,-0.16777167065287468,-0.23490380679695724,0.16237363269667138,1.0929236665528592,0.39844499249494625,-0.06816967130652701
2.204585368108061,1.1160876833532078,-1.5799393347418418,0.061897208028884036,-0.40220203765851337,-2.1408271136494395,0.06136109856977017,1.0599116352210578,2.6123182893315877,0.2586762269105992,-0.5034323253567468
-1.0910256257292665,2.663036076365284,-2.2295725918807925,0.10128849464853606,-0.8474624491525813,-0.5328125175262001,-0.8498258652195424,-0.25046594993937443,-0.5083450299859902,-0.39571075310286735,1.4923123137229877
0.8773476800777318,0.9629895064421335,-1.2489401911732934,-1.618349628250137,1.7180240878283664,-0.7101885096628809,0.8625359644144686,0.0845989807938695,0.6272395450962964,-0.01516147242448426,-0.1482992619058793
2.194130272741018,1.135695192082237,-0.5906658733357391,0.0985267642468606,1.3321204624386416,-1.4593526918732456,0.49353567094815126,-0.6999510592294301,0.943957299684538,-1.0814490464306852,1.1842775853152219
1.3007470684492655,3.673770762600758,0.20487738081498352,-1.5409047412474433,-0.08728195969328716,-1.084012756621864,0.7262697973281468,0.5399335379431891,0.42529720400669585,0.29742852883647414,-0.004708556355719961
-1.5538056133532188,1.8131870339856608,0.8100612560526416,0.33272467363223207,2.4518723668573057,1.1245460827155405,0.3296733851917965,-0.9767243656672178,-0.6937030895176861,-0.7228416118768932,-0.2715871989605758
-1.3620406243441976,0.7145092952513693,0.21948836927387874,1.4618133722981788,0.8739714856275201,0.873910702394691,0.1087074644563211,-0.015644893680675325,1.6402401978058139,-0.6989466542673607,-0.4814038097020046
-0.5687443815881891,0.6711745270570729,-1.3303467194802698,-0.8656242433477692,1.1250092274489043,-1.798228821672197,-0.6272247339225802,-0.14173644776660488,0.5637156928047976,0.6381330195302126,-0.694930452102787
-0.1321942588990965,1.7556387252839236,-1.3410722371660784,0.9051274820345798,0.12782559549913414,-1.7701018317111552,1.3118981165296868,-0.4619643224078601,-0.08118866091038444,-1.4302846774939344,0.450213158271925
-2.35330796348905,1.9134618663837366,-0.7949713941397888,-1.6107012480623955,-0.9839033188645037,-0.14985709780311515,-0.3594762462761535,2.158891607307363,0.5973715779172665,-1.569694815305422,-0.4731698748006715
2.9013355745244342,1.9777276983765082,-0.13211637033442244,-1.3335577642075125,0.3100179559712166,1.1787101184602962,-0.4600279640138076,0.1686958167027204,0.23269846788482318,0.48475648512699987,-0.08864877812808147
0.23368008501107806,0.6248570032908042,-0.2709923242591774,-0.2749705290812157,2.3316606686048496,-0.7628775108510715,-1.5685782907522936,-0.28991533015246257,0.9277760663869616,0.2052534522900826,-0.047910515481882805
1.102411655002905,0.78352047442809,-0.8817940606330384,-1.7718101541115754,0.9236760631078292,-1.5387325360280102,-0.7299606789581531,0.870849287028615,0.29476234322914935,-0.5736557417858001,-0.750720736702804
-0.23495056795376631,1.366282384667,-0.7434977405246462,-1.0253255532050933,1.4065743552193088,-1.6582406247686363,0.11585225055119633,-0.810742835723004,-0.1575076971863806,0.21834285541398513,-0.1536208046229774
-1.9364934663225333,0.5781996677951957,-0.3498775398309587,0.43858706071545595,-0.8474016731751811,-1.4321450262247595,-0.42873601631838754,0.3525463140524247,0.8669593933074546,-1.553022581117176,-1.7699135803530064
2.059419510948614,0.5374029489625688,0.96463427873728,-0.7331587696179861,0.7934663669139227,0.30016522337539436,1.1903341128228695,0.09836307761152144,1.6970025643001583,-0.41076571728141276,-1.8533879859950313
-1.5759491290024392,0.1906962621933472,-0.6946671466963016,0.7250469149249051,-0.44614252700758816,2.421854471148024,0.3427285939747221,-0.4463826823561409,1.3634587662752757,-0.6456356951606573,0.39374348354361427
0.501205966971792,1.3747990039225415,-0.9506558686561742,0.3813725806753521,-0.14051205207978396,0.4300105041537781,-2.0874991990236396,0.5569629704607093,-1.0962865689137045,-0.21001533781215645,-0.2774879236984445
-1.3188953288443428,1.3726746121158797,-0.6239676793242865,0.19396365203456226,0.4854900433565976,3.373788182677983,0.1379811016466715,0.22503886652438193,0.9518184530247923,0.8768944460952245,0.22267135244648614
-2.3036728604584593,1.8596405723310694,-0.7016530293817029,-0.3595396219904861,1.2381140680906602,0.22512516757097012,1.277930315744242,-0.287657469659265,-0.15266414171559325,-0.580985970686195,0.26207155270469384
0.7689489107939371,-1.0212452123774123,-1.2304736380968344,0.13774120803080014,-0.23521589695378525,0.3124975121704763,-0.9054183968996499,-0.007837652841704191,-0.7050315113058517,-2.311686321537619,-0.44608974049439465
1.674053604027252,-0.11374559668046239,0.33465423971317754,-1.8700566986218594,0.9715150617667322,2.153678367956443,-1.2387369543589337,0.2975080406639527,-0.08826925350250646,-0.3514244951593534,-0.4060422480569595
1.8040215264733404,1.2116204547812235,-0.2553870716023099,-1.1055119089882761,1.7417231648379814,-0.08653421903648457,-0.375824341889079,1.011434415224495,0.6456979721610633,-0.053303554113598925,0.7197920327354145
1.4260938513709747,-1.1284310165514115,-1.1954420227738456,-0.26000820412181386,0.25059690867789397,0.36695144186305645,-0.21346526014710362,-0.814408034860817,1.1184311937868592,-0.1355704466498478,-0.05808400694503774
-0.3281356362030885,-1.402129535897144,-0.07501616542569979,-1.0962480603020701,-0.8921123772727168,1.897826276795738,-0.4231613327757308,0.12858083622241534,1.8547244547826447,-0.04660458642131644,-1.1473190738558265
-0.4954977994726008,0.7023150077057777,1.1574629595302208,2.417073208002013,1.2481023047042938,0.7930802456225327,-1.0737239638416352,0.11144968317908152,1.2646288054710288,-0.27652896351774114,-0.4267415407170561
1.2452086377365543,-0.25581558236140456,-1.9874211942457554,0.8202822039196471,-0.1643261553041133,0.9741869372134968,0.05073596728951232,0.47408352258751263,0.5153072873345431,-1.0249829915867708,0.8934913554051314
-0.2860814052118538,0.5324570959863176,-0.4388344671302782,0.2853825704648602,-1.142350508535328,0.3363647078500616,-1.169632014379282,-0.554611185341338,2.0350379766081144,0.36043330263829637,1.1363990845365917
0.3816308163614543,-2.3354698668955605,-0.9897324251107756,-0.988076078768209,0.6765811161272678,1.6141790898561075,0.4370658678602331,-0.8640193034874329,1.2542010181979586,-0.4661442283359886,-0.44685633310799255
1.5054078057198212,-0.8469549325329035,0.0019163355317683112,-0.1679065893477322,0.7655253051105474,-1.7686108072090632,-1.5104421536303172,0.4117813486085527,0.7762749996685396,-1.3298661540192485,-0.5296822860264234
1.4460197258737206,-0.17327743628749978,-0.6499441317175046,-0.15624805538863465,0.6065418282233547,-2.3146381775992406,0.21773733740147716,-0.3036588458691076,0.8521224325164022,-0.5552074928347741,-0.6869170347717163
2.5643573822120462,0.17883927428125423,0.2740875433225249,-0.5647215312005499,-0.10066011641135927,0.8539881051026947,-0.4291230025189274,-0.4073313592262521,0.4324404464870292,-1.000646748581479,0.7688529669749635
1.1841893554488179,-1.051553787241844,-1.8188181709864217,1.4772907490806946,0.5971981841342,0.7465878479174565,-1.0449314866801571,0.0682182905530938,0.10935434159008516,-1.033503304763567,0.8578520412534003
-1.285344323136554,-0.3055250104672997,-2.0869323081145006,-2.4053028782275425,-0.02523559608049238,-0.10618112243499324,0.2990167058177498,-0.7908428345070064,0.23131358636624802,-0.2745502478565439,0.7148149533025386
-0.11034851823832471,-0.8400257699355758,0.14067065327651407,0.4853787356442047,0.9827035499753142,-0.6507956323855713,-0.11165256343467116,-0.4117048684904287,1.7302580090155188,0.6537190141264325,-1.3327249522001399
0.2480896104568971,0.7359302338828769,-1.150860298683543,-0.4836008280828703,2.310433518355862,-0.20355575964385844,0.7481431758033388,0.3375449817614395,-1.4951123384816138,-1.6781279929608686,1.0094664117708363
-1.808329722241143,0.08372778739143581,-0.42660781154075544,-1.6626273635687874,-0.13449287565229368,0.9451090845689291,-0.787110032327272,-0.7441846651306193,0.4718357382012115,0.5088251936883466,-0.025923958309408305
-0.047317832162327086,1.3825970438164987,0.03997615973950867,0.059078944311500965,-1.1439699882417673,0.27957564446566185,0.7497454105667296,-1.544319518939175,1.5505966440142356,0.828333187837692,0.42894511260502755
1.4834842303586155,-0.4720310891228099,-0.5593513407215662,-1.377570508545615,-0.8730286378451285,-0.27699896508023003,0.34358566145850206,-0.651761951497693,0.23813561745290213,-1.0578181751531772,-0.5159660611989613
0.7652759329535905,2.630526890087074,-1.5401992181074367,0.6320349913301424,-0.5346322541154176,-0.8432059891531559,0.6970645882650836,-0.6512474495704265,-1.405554809623239,1.300144737805817,-0.6613484060732981
-1.8703320399542827,1.0605721459224933,-0.2345825566661634,0.31718657806168044,1.0583360235452817,0.9501558604704695,-0.7526136994843564,1.4070767719794575,0.7352570119270239,-0.05301343560769939,0.3084733242696443
-1.033677858582056,-1.6424920181981295,-0.8679319029467523,-1.0072959419900394,-0.15291275895942824,1.1730475554101276,0.9890058879404492,-1.3665361132786589,1.0551235863508175,-0.015314273992121406,-0.28069500663447466
0.3832146382359779,0.2280351459339089,-0.9377229623985098,-0.1641334287802391,0.683276224946175,-0.2735020359079143,-1.3896317788582708,-1.0412804090437415,-0.26556714586903096,1.6006797550409928,-0.22687442428212568
-1.9136964989256056,0.25694320217929817,-1.8078508012059296,-0.509002361654862,0.9358975633668417,-0.7141700953386791,1.0406445507523265,0.5891118361045803,-0.4683269269843231,-0.13151461846864426,-0.7970349163310627
-0.958199368987729,-0.7358486957430752,-0.4478271970368999,-0.5808748338108409,2.122256846755632,-0.5757810234435748,-0.9344571783096972,-0.19433390345393456,0.36091862122281676,0.8046430588665351,-0.6666577909819982
-0.12447204458146154,0.24470977763316792,-1.920186291826254,0.9916019934503363,0.045516968923375395,0.6125824071708152,-1.8479026269944865,0.9719745597179326,-0.06161875216088684,1.2170451222817535,-0.3953367610218948
0.777116938103159,-0.6848044279279283,-0.8894308092362506,-0.5396354753471037,1.2023648790790313,-1.4381095689537422,0.7916735861394764,-0.48101073272216394,0.7906935513239017,-1.1521645947824994,0.6743103686718234
0.2737302575766035,0.28888899529998197,1.8170060669066304,-1.1236302647910592,0.1737125385323042,-0.4801935152784735,0.3504320594399378,-0.40664888188370796,0.1559162451757583,-1.481751558220297,-0.9999006899951759
-1.2375861875488914,-0.5838263506385097,0.8200022556046168,-0.7939250521143396,-1.0745859196867416,0.04140787716245614,-0.3027094595016711,-1.836463467099709,0.5568003803450101,-0.24370013939788637,-1.7201188730982195
1.3713212058021549,1.157625150152532,-0.2549991014541556,2.0753041456789725,-0.47246348186307613,0.7245157222371271,0.03827627259992545,-0.465075051561181,0.15302660022209788,0.6939475345766115,-0.5779311958248161
-2.3522318017722226,-0.011911144931447253,-0.3360536555754499,-1.2719632385780584,1.202005366057375,0.11987976382975209,-0.6003418774988346,0.34226080982455254,1.3579750898160707,0.30293274685331867,0.6448695387178427
-1.1845012241889314,-0.027774906858672524,-2.243108498617194,-0.12604454086915964,-0.33641685684844763,-0.3739994572564407,-0.1964186836968089,-0.14622768332952107,-1.0550927335908935,0.6580132496293525,-1.4127727124413927
0.3085119822881405,1.812861393171346,0.47475709966399043,0.41709243937656193,1.2752478244031267,0.41873263992754134,-0.22324122885809994,1.0905440868619405,-0.6880709456075647,-0.035861518918604306,-0.4890433431418713
-1.5904250081175313,0.6553409122922262,-1.1386786363270325,0.7435330371523738,-1.2286690833355114,-0.4232412465211628,0.9041535373552132,-1.4931546053361189,-0.1970341480746417,-0.6048609621490655,-0.05033578042767128
-1.5270041551061557,1.5723195167769939,0.07425520963325616,0.5382424022636955,1.374895420117011,1.0695601578018303,-0.0037550938653247803,0.8452158307743993,0.4814683278016911,0.2482412616393123,0.4535688293694381
-1.557661816179118,0.5457845538883733,-0.45920688450841046,1.5639091282606268,0.11147422731067791,-0.7594974750320863,-0.0053593088944686685,0.2304999828444756,1.14579494981405,-0.5058997976724234,0.04829793981654888
0.22572572475150893,0.07802175686640438,-0.8345580637702812,1.0455865406800873,-0.878385878188004,1.3508013267284833,-0.1939854713436588,0.5018047720711392,0.5573037898321959,-0.2645714060273461,0.1186251949650477
0.3358154539943678,1.1327009363142975,-0.4162939260294991,-1.8006729918282798,-0.7661145562271416,-0.15058927137746658,-0.387156168411656,-0.26750085434951437,-0.6116442021315833,0.43973863729038365,-0.15247663958077498
2.360534928677066,-0.1928666308040439,-0.6182706370302631,-0.8650688331096429,-1.7949831880861888,-0.7090070565116903,-2.13708691296983,1.2651895348034463,0.843287490016291,-1.22635896957414,0.44709827151921344
0.7047198832713633,-0.1276198743852259,0.7728935753740791,-0.7779866606934163,-1.2202450737324526,0.2060658422077909,-0.28203294424919856,-0.8140287620228048,0.2787875214389763,-0.17500630073073797,-1.3829983172283369
1.9472718135461144,-0.2985805435463045,0.859191725869484,-1.6038778734967094,-0.5567202461148368,0.7609328429779445,0.08921733163278876,-0.5648448825576878,-0.27862199554881384,-1.7130467800282456,-0.32796730372206817
1.3533954825213192,0.28832201250056844,-1.2748280860270476,-1.3872081672616408,-0.6513516527204045,-0.8533637881310255,2.190955069425616,-1.708315992605453,-0.23479590002601192,-0.8720282353014829,0.7278967173745424
1.8009255076965516,-0.8739776969657844,-0.7064400085251272,0.0870351297883856,0.4912149187915496,0.08526305841496772,0.05278363296733557,-1.2937065783299426,0.508746945730719,0.09153152960009595,0.10033310284446129
1.126409640227384,0.4652676006228114,1.409214759600909,0.590923473123774,0.751007614101294,-0.022459787379032675,0.0348900195462378,-0.035435269447967765,1.5436257226032304,0.661532231849124,-0.899269812647085
-1.7037425077916903,0.7943620566435844,-0.8778254824666528,0.1947955556294536,-1.521507228457983,0.5120395861916013,1.7951796096154415,-1.0647267565109984,0.2595721604898841,-0.5029840434216603,-0.21919089058823876
0.05077453475453219,1.9805399042736864,1.5798950905901141,-0.4857255971916408,1.5717160357235525,0.717652460019597,1.1067430565971292,-0.06038784938341306,-2.001733394434146,-0.9600403964578397,-0.9691311205481378
-0.9850972298102812,0.1550274144385484,-0.33418595362903425,1.3672915160484949,-1.152599419712968,-0.14843339976338163,-1.3864995339447266,-0.542795894449947,-0.029855537473904206,-0.6846494263227928,-0.34591718079230493
-2.908360213225219,0.5667083235221979,-0.8080440988158242,-0.19900729107583867,1.1619566227876377,-0.783257461368154,0.4819003259875587,-0.30461610967440034,-0.7642136213213853,-0.5189944465665636,-0.2625070466778429
-2.6444675308512053,0.7953454470013737,-1.2843587545818662,0.04880486724704389,0.47430102526808404,-1.5412353368693865,-0.13176732650041303,0.3389608718793266,-0.3471656908852708,-0.11508309322114368,-0.4814105787456487
0.7401217466130746,2.45798216946613,0.9851417548594258,-0.49349905969087615,-2.1726273445635513,-0.17957449363748504,0.4592385685866161,-0.9305008636417038,0.8371330167006685,0.026108728623865075,0.6623945440511775
0.982272727254922,0.6859697180325252,-0.9307444153451043,-1.0437235224253996,-0.493153277607975,-0.19193469574403418,0.2714193127403173,0.28983896189683733,-1.9465709740267048,-0.4820934952404171,-2.089821744431106
-1.5490853445674153,1.4934587529906336,-0.5540304917569993,0.9986904705372007,1.1759284384505024,-1.1017343250826823,-0.8309144776161108,0.20919597983694754,-0.46888084407343045,0.11025376800582236,0.3982524472320501
-1.4931527466978856,-0.4019546669074838,0.1488378738069572,0.27637168488667735,0.4991878900423502,-1.0954633186488456,-0.7008763394596794,-0.5174773309182212,1.6919312215074354,-0.3482264538107872,0.7375871084725963
-1.3130706222906392,0.48637245453366756,-0.9780285966227164,0.47663499605966875,-0.961231494786547,0.04980851429756044,-3.15659542396865,1.1897091201936496,-0.3017938701275962,0.08896462600651571,-0.223456095892527
-1.1442474956069435,0.047869697206226094,0.35612036352563226,1.1681409243701504,-0.6928615335837454,0.5765390213592164,-0.03690149548339991,-1.342705838922238,-0.2256015629047062,-0.25206327214893204,-1.4593751233196657
-2.547476720086129,-0.15262340794373144,-0.12859292134140127,0.501387846231555,0.16777396791053523,-0.6563710902995049,1.1317874412822746,-0.48308535558843435,0.2552782063762931,-1.30196092647993,-0.4854793289224431
0.9818773462626349,-0.7081433895593104,-1.032779804159399,-1.405311382485866,1.1839363965346947,0.6671920528911094,-0.8328117740186395,-0.33437039347426495,-0.6119194945747651,-0.02406039818963522,0.9604856824941816
-0.9555056040541974,0.347101813406585,1.0520126041245026,-1.3994136532139405,-0.2844330631199526,0.904714965958356,-1.4672812380704152,-0.5898583516267687,-0.1795478193107546,0.5900070196387087,-0.8542449056315888
0.1471056569823497,-0.834309244459342,-2.3703262677132426,-2.272237072923955,-0.5780872695221478,-0.2546899424651612,0.5054177660396332,0.5164226516119781,0.4957258742498734,0.9922593770806687,-0.8713890614839239
0.8536314201107075,0.4076923014430115,0.21294832854921522,-0.7140636082598947,-1.4857702133687067,-0.21674098369520534,-0.023177740474849266,-0.5901627052543652,0.23464917835140456,-0.27683880411128253,0.16139085058361635
-2.0222941391559766,0.27998232304257775,-0.606280785146504,1.2861587950065938,-0.010439477538654299,-2.072575633704894,0.36189514342713935,-0.6335348242238155,0.025633131539634185,-0.9043172319650222,-0.2850225236995013
2.0655886849434584,2.354305275191518,1.368739799701602,1.1195931943884405,-1.1605284743237463,1.5944270261598676,1.2700685255825852,-0.18176592999155056,-0.4047252098907477,0.1757654774388736,-0.7626733434846382
-0.7956772875246526,0.33556765924227444,1.0651787048968122,0.3092135528532295,0.4135358155203461,-1.0114098582321505,-0.4916538647738124,-0.6540617899336656,1.2131704710334472,-0.39356262710161627,0.637266772688963
1.1462091823415144,0.8092620472375307,0.8283109927648316,-0.9752824688835742,-1.5483504522494846,-0.1945244142839442,-0.11242853309211075,-0.6877860464888554,-0.3405823038951527,-0.9064578491216064,0.4127485482066281
-1.775706231243277,-0.7458229404575316,-0.035861936894084026,0.8151815269447654,-0.5536749773531883,1.9829454492531733,-0.12223306982045698,-0.32550201733446066,0.6571108782262868,-0.5023078592729561,-0.17043675310135412
-0.9159993596646988,0.05383866050655358,2.2552843216080123,-0.16657589918038482,1.0908794686965506,0.5681511496876739,0.06527328135990688,-0.9636852809789963,0.9372274853852915,-0.889575250237299,0.42521150347300674
-1.9145078559801871,0.3963206108490885,-1.466369265383336,0.4144689508377892,-0.23342546671105613,0.4390803376152617,-1.0879851701546455,0.06913647634578605,-0.4139739060012513,0.5687083137034694,0.3438399890853016
1.7923499499787845,1.41041883716927,-0.25290523929557246,-1.1992410073332322,-0.8918247675486954,2.056977549590565,0.13906313221038244,2.2556345453219775,-0.5882348728327631,-0.38409404440084943,-0.4926598938650003
0.9343346989769513,-2.250832469029202,-0.961649548852477,-0.3376786606200913,0.36433404882770504,0.6580772510621303,-0.776060579215358,-0.32148132572326066,0.9001271412679107,-0.3568301558627589,0.42562024318055586
1.3690980351476072,-1.791633794086384,-0.634765067988763,0.0536467129468052,0.781252615653895,0.1695275538329312,-0.7855324212438847,-1.1073881011209936,0.17849508792986735,-0.4569188661329578,0.6555623580293704
1.7016934223066258,1.9270095408595544,0.42987847015374153,1.2236423540371544,-1.600992487899484,0.3910702900154116,0.4194732626811675,0.13089525314995532,-0.4276346505887574,0.03668395134855125,-0.47416636974540083
-1.2081281755081819,-0.1801965900854813,-1.0050264583663295,-1.2057172806027914,1.0335099864367339,-1.7713920691465326,0.46766117271512464,-0.20617643687748358,-0.037451032572931156,0.915470118345657,-0.53207713195546
0.9485412885514223,-0.967935304708427,-1.0607898174117953,-0.9344742864802357,1.334833606644114,-0.4285093407708726,-0.7239193994449777,-1.177965838889088,-1.1544184735579606,0.6088331977247077,-0.20535870558758884
-1.4656181280987524,0.867266963988289,-0.4797020784580997,0.221937474060877,-0.07390581634025745,0.6587398834392666,-1.1352484117045019,-0.1951874693087279,-1.236103417932314,-0.14295736531089825,0.7549474871885163
0.7913061686800963,0.8566048539438983,0.13812647749679827,2.1134431461724765,0.0073943301864139,-0.4298506969013068,0.05488948157571338,1.3164952621298647,1.0527252464635533,0.6355182926828145,-0.8198173212111978
-0.8312694368817023,0.3682142087313033,0.026591529675428265,1.6635388124720232,-0.515814942909143,1.1542150126929287,0.33994303825874905,-0.9077427480517735,0.4145897987166562,0.41115144994300384,-0.10419010774731283
1.7206496024904503,-1.4478320994498624,-0.07652215237284926,-0.05646757814398872,0.5866145825512833,0.8803383590779076,-0.422259244182775,-0.7091013426572629,0.49436334312026636,-0.173170517420062,0.39679780992921293
0.7653610786752902,1.473417536957806,0.25642540915018225,-0.07183286920437315,-2.3184150328293263,-0.5016914288938293,0.5543218636773867,0.03191245947493614,-1.444076367686295,-1.4543193778875818,-0.4917674915883481
-0.009340764896892619,-0.49101556122944756,-1.9772231750905893,-0.8253507504388797,0.4746443302718219,1.5078851159130235,1.1419009272675358,0.6421215324763724,-0.7491169237612048,0.14539138629408746,-0.2362419147888159
-0.028286020264347376,1.0319178859102942,-1.1135438386881544,0.5100034514088336,0.25938746577280675,0.3640575756672227,0.2608697687700475,-0.4052186321747862,-1.525992131578898,0.9092252849198088,-0.011916035667355674
0.7890111731085331,-1.9102960168681336,-1.401117491932593,1.4157832014135778,0.43351976938928655,0.22827743296756806,-0.8722419153808948,-0.1500026102135393,-0.417297535721008,-0.6130224278184075,-0.4599721099914132
-0.40389713747618167,2.2405699940616617,1.3878546950648394,-1.2740769137806052,-0.19950245874415434,-1.4826253415265316,-0.9331081586190271,0.5852746374446776,-0.20226420792595565,-0.10309413286174884,0.5577381876890397
0.6831967113234453,-1.9435489664635435,-0.689473465503463,-0.752095434192673,0.30268739501739755,-0.9737214981874326,0.47782801171589506,-1.9957754942314507,-0.8775174422301476,-0.7873060287754855,-0.3083462951151811
-1.06892191272472,0.14950840045799166,1.450470892789862,-0.5025332471099802,-0.3690610362989162,-0.7956288247493626,-0.18239722581348977,0.06814733422318886,1.1283244521415776,-0.7516384359747688,0.4149007216144866
-0.8358682529656716,0.9493426291807991,1.3537007878054665,-1.9441880512192424,-0.5076040467481013,0.8104395056440676,-0.9906622358719057,-0.5456797073889444,-1.0948346411208585,-0.47647843731519474,1.1149900944667688
1.31734878607995,-0.28552026796028873,0.6938414621084971,0.7366830771920486,0.5952226301463169,0.18670983127157006,0.9054255318568202,1.293753559922555,0.09152291360166301,-0.901544444740703,-1.246621573604074
-0.07780836621757559,-0.6524471061128586,-3.111207275474291,-0.5539021359934404,-0.8700558382963598,-1.1514322492489246,-0.16197696606070122,1.2538668694454747,-0.9949800836535735,0.3783583956861135,-0.6762306663226783
0.22224307793507986,-1.081360880060941,-0.5127506536155833,2.1846971688680736,0.04667331247925307,0.7011218681936707,-1.3291253604107538,-0.04482371354356714,-0.23867131622796198,0.22617622365842768,0.2753875351968888
0.588763704172658,-0.4186410941646458,-0.49164706251845985,-1.3880112058748169,1.8153887675452933,-0.49691041947419495,0.2682751136583425,0.8159289647673127,-0.008372433984938362,0.11116528761986418,0.8306235077725908
-0.05234241470612233,-1.467164579618547,-1.7492450578668601,-0.1119597192880626,-0.486264676108734,0.4006006459680698,2.013424306285037,-0.31566143785025713,-0.5299703397415417,-0.793425145087961,-0.4690635149149137
-1.511573279949401,-0.805802258158859,-0.7814888953159445,1.8550608959850199,-0.9463957956665021,-0.8149517409011117,-1.0218514636878764,-0.8824501212228274,-0.19352094965209285,0.2548984244687041,-0.6176129224561148
-1.3113959852632227,-0.6614609726432096,-1.2851424527511621,0.6808317397644901,-0.7511354963987432,-1.3201504425034158,1.352998716137508,1.2029678150490264,0.819935303663069,0.0945243009388443,-1.2525528248716906
0.970571411426593,-2.060644141540945,0.1880408092122959,-1.5037893659844888,-0.7520166124865203,0.4191860438473191,-0.7294129857190516,0.24320596407234207,-0.01116312675910241,-1.3828331569635632,-0.2300609855378857
-0.031917347982777504,-1.2696652321472768,1.7682084220973482,0.02025800434076817,1.165443948847388,0.358016623840024,-0.07978415452093773,-0.10845734125923938,0.7569580746753227,-0.10047132272040983,-0.5990853868808768
1.1149358428995928,-0.6787021585201558,-0.2266405808012078,1.4711962579706972,1.3452064393682954,-0.23723694788766841,0.2823176205994078,0.9708882024387042,0.017691312574404202,-0.9483064305465059,0.460184064053352
1.7744332225651167,-0.4653423115119248,0.7298855616326837,-0.2330386090157089,0.862766502463935,-0.3958878990294295,0.42423640905383664,0.7109674719437763,0.8988799770495328,-0.5481006134823405,0.7428769740547286
1.594433041624898,-0.8957062404676177,-0.7806311767780145,1.4910800227431091,0.005901878030690404,0.666029529315186,0.013535344469235664,0.3680589687773219,-0.3674651795552812,-0.12061375586565302,0.4368766234121389
-0.040754925760749586,0.39700884485869925,0.6082162335494552,1.208069051356443,0.4815722936701254,1.0511636719459727,2.310553923689453,0.8751157187297588,0.7084980149049148,0.38791397448788484,0.024944249386962145
-1.022813968012679,-1.173826613224689,1.2441230217937496,-0.09651607159620762,-0.7633421426974429,-1.0480039242000487,-1.554846745994928,-1.8910178895967997,-0.8470978827315065,-0.6460591070679735,-0.018574882982254515
-1.805711637318519,0.8159308830726772,0.09453365106280713,0.7982294015695797,0.9975361706453402,-0.7984440875278271,-0.35321856297691806,0.5550081035113897,-0.8197305441585487,0.39413662408474026,0.37508514353003686
-1.92518990702022,-1.106707605369669,0.1657174248223835,-0.9814752654142265,0.10993209880690703,0.6460288497801037,-1.0532996451255214,-0.6642109932134884,-0.05251592690340624,1.4420088669420537,-0.2760616343307656
1.535815262038594,1.937189167383282,1.9301663818784611,-0.5318172604449082,-0.936496260125712,-0.26913211064173936,2.3359336887710955,0.7253240787309012,1.0889979519215793,0.6940646697179618,-0.03367306314012493
-1.4010860078564737,0.4799666603514116,-0.23318347843861226,0.7984399274263656,-1.4702180006274774,0.11955775135290872,1.9855223282814491,-1.1261096516601985,-0.3039677737641404,0.3728214319815536,-0.26622616159475276
-0.5515435406412953,-0.7212246207820451,0.8269697346764334,1.584856490185935,1.586607914826817,-0.3285154429233705,1.007194234082474,-0.7159184924677805,-1.1515262978416143,-0.7031608521707354,-0.021603197456776888
1.1699413746452152,-0.47291040084642216,-0.969611915348275,1.3731558411440197,0.010268888056594414,-1.4081063025067975,-0.05421082193626681,2.071818346815746,0.3901471295692468,-0.5855174236536833,0.5467149362731747
1.6711131070699377,0.4290622561664475,1.3656592803190284,0.24213246635198357,0.14850446552426175,0.15443481006186024,-2.1206360874508783,0.00027565577708904115,-0.860729066313296,2.194538055186932,-0.8410598924978309
0.5189865806925278,0.5648703722198215,-0.9949142537848181,0.8663071894978439,-2.880287498475463,-0.493904335998906,0.5732810441831778,1.4773034977180097,0.40579217498010844,0.8958981597059705,-0.7643469707648144
-1.3747652815078235,0.07738669267624822,1.8596498096506136,-0.9546047987171651,0.8485552426295406,-0.11504904513090275,-0.7285786740743178,0.4774955262500244,0.13769595132373297,0.8675972707921478,-0.4804618913568031
-0.8145664158860784,-0.6710231536520889,0.44510802893954066,0.22172669289514177,-0.803687628617784,0.1593680458082801,-0.6917255162504832,-0.9028345788939397,0.6164289438550246,0.27058752468927516,1.8048345530867482
-1.2957734784955919,0.7536135280999154,1.8158912281910222,0.5660383147876988,1.3540554855465659,1.080240301695727,-0.7882019997995857,1.1693583278907533,-0.8251062245435824,-0.060206655328020164,0.3801059476234599
-1.4635108612833927,-0.90051141096631,0.6787222558855738,-1.849249552141604,1.2653965045424012,-0.1070075798935236,1.5852290373208915,-0.0763377168233097,-0.4403878244635091,0.9707466313239259,-1.1642796921603622
-0.6528330127807522,-0.3905395042552457,-1.2246556121223628,-1.2844327209308815,-0.5231262959021978,-1.3808579468842248,0.14193659930774097,-0.7593746084657826,-1.2212711381997594,1.3629764929173833,0.22416520954794592
0.6097722081035887,-1.0737402152375084,-1.6739570644689727,0.49475889098948145,-0.44640882762984174,0.012920529957343208,1.0244333001095103,0.1695726111132797,-0.9301137489915235,-1.0786672068668521,1.6225401707645708
-2.1941749513605475,-0.5097807393463727,0.9341580188467659,0.9069905745645863,0.47387976298727014,0.5537846261543673,1.5703950172689727,0.05189585648105949,0.3543528602927132,-0.44716555931424695,0.00933136730148466
-1.9004434858574095,-1.6918931983902665,-0.231724318043698,1.6692208377537174,-0.5444803046104959,0.5749431773255449,-0.8414399975849605,-0.41009820142848585,0.03592024916999885,0.2797059495674547,-0.20055175338086983
0.8073599723260675,-0.013834637050969248,-0.3033616216346825,0.09983927262100435,-1.2840819389650628,-1.4223622949079455,-0.18790363307533478,-0.8012000566458878,-0.4513442384031965,0.20586419713533557,1.6924611953813387
-1.1004804577889202,0.39063045565882354,3.101337342461634,-1.4330416261320174,1.1946652876816477,0.053132216222240715,-1.0115591397335382,-0.09998924274635004,-1.2311419159134556,-0.5713344483995271,0.024673831142025936
0.9668905239587096,-0.12624242699090527,0.24913498731746458,-1.4506505673874457,1.9480023173971357,1.0075566401253349,0.9454661525542574,1.4718988338954397,0.32993984239006285,0.31441187593733466,2.0063557954667925
0.27385713309584786,-1.959997937342573,-0.8867595075496408,-1.8597122406210427,-0.22647481033939218,-1.4588561164939187,-1.197902180844938,0.036001293707016956,-1.5923526158966328,0.29403455042006255,-1.1666426520683306
-0.8279951915984688,1.5005591862051946,1.5284602819072226,1.3790867229257127,1.6548073905060487,0.36678581394026294,0.511076047099866,0.09626254572435251,-0.8712289490577304,1.325114543317423,-0.1411244430152795
-0.49674881562692874,0.07120562681786342,-0.6324746502704144,0.2773969910582641,0.40368047795603573,0.8572118560941653,0.28433791861059377,-0.027952643155249365,-1.9984749186381046,0.6268967285432359,0.8855356949426961
1.020982808469105,0.9490610153143175,0.6495606412985953,-0.9743342813257516,-0.671650348103122,-0.46484414270920954,-0.6574613422671584,-0.06482213421989982,-1.4210892114582092,1.1844793189372462,0.4724245129908523
-1.6638748319510157,0.14496558001184467,1.2510107635209113,-3.1521145143798917,-2.1158490742936413,0.7246715356637882,-0.6583994926403527,0.9588260151015068,-0.6653860208008417,-0.48547799540118647,0.10214001595975405
0.3308963605976013,0.48973961428631196,2.021661738150218,0.349960691747168,-0.5996768216025204,-0.22750821867699597,0.4700164424707556,1.394961112560933,-1.048428797996616,-1.5356123522796428,-0.40806506760451206
-2.2118224547360397,-0.4902538570542565,1.3844108058750346,-1.7680247992154778,0.7009514231011216,0.6515847413459318,-0.3324333299056097,1.0847380598661673,0.4222147185440223,0.13535500158724625,0.7577605423474246
2.2184562764775477,1.1053844095651157,1.6708914200442813,0.22268703117674102,-1.4894876844149072,0.5099800391790643,0.32811262636493743,0.01341909052487256,0.2446155967617162,1.1049255083112657,0.6099274406598405
0.8549693058485021,-2.0836102239324434,-1.6477311602562092,-0.4472558253283259,-1.2885750831996636,-1.3194634283232038,-0.04383082560383945,0.3733770466668118,0.6796794413059879,0.5951631501622977,0.19219731217229924
0.39958863210186235,-2.2205458843382346,-0.6769222840614745,0.7230394382751715,0.23377176123761903,1.9625407210721284,1.321449913135528,0.4202162874620862,-0.01821062630982552,0.09584220566954563,-0.23087334671375304
1.1060605093105846,-1.3351891446702022,1.5437734144422974,0.7727382571240416,-0.18121147787627567,-0.39720401146121975,-2.013900573503864,-0.9344462857351374,-0.8979543526140094,0.24959174558972397,0.09411594658049405
-0.3637896459732431,1.507496659507354,2.857969519569237,-0.7743257025555251,-0.4849197832623828,-1.823695683191399,1.9383561109710261,-1.5451085786365761,-0.9769436775951799,-0.8433080483652974,0.27280292362564595
2.0184255038473324,-0.6078748173264432,-0.23681949025928883,1.935010495806761,0.3640554712349766,0.33062235659637135,0.36490122061712893,-0.2765694262784193,-1.1094449874026497,0.1550763118834374,0.6843875569521041
0.02020019891264191,0.38507241893109506,1.1757446188923804,0.36932110198102147,-0.9461233675820563,0.35564270075273546,0.025421867488760384,-0.9703569199833811,0.38625899446987044,0.5943167099513851,2.0836325902270807
1.9833299253440988,-0.9692470476167807,-0.34648855851450866,0.19498026234021937,-0.18661991394242153,-0.9251360132968709,0.2075054783010069,-0.7899055728324936,-0.4738463512081831,0.25774286079134706,1.374105396693048
-0.3486454439493198,-1.7592174081511485,0.06965034930757247,1.7115822075597835,-0.003100210598521145,0.9153604331835365,0.010573507047685258,-0.38585459775301895,-0.7838416365678201,0.5588730811174293,-0.4526654244166891
1.2409966390885914,-1.0594838614668527,0.47040278042483574,0.03646374457447727,-0.9582701413408969,1.4706636809298443,1.0881540665462774,0.9831404667126804,-0.7106307388210681,-0.6477359532608862,-0.7896787561560733
0.7408045064613048,-1.5654465233027337,-0.03589416027999953,0.04067337479622674,-0.7480544573512775,0.8957771277658275,0.9607597769160232,0.5633934121866725,-1.0366949701032713,-0.8835040999214538,-0.6297088896545694
-1.040333174531538,0.42610316072158483,-1.1867537034872397,-0.7788869177035723,-0.6601455234456218,1.054233577308722,2.1576398458364174,0.4972140675336084,-1.4467215669343119,0.8489873473114936,0.7560212149057578
-0.755947897813566,-0.6897648856735368,-1.897274655390218,-1.3704380584787104,-1.5669661331613767,-0.9399807961928514,-0.3005328860541991,1.1490934853429882,0.2659780501652309,2.077125824880455,0.4467879888161581
1.4595038830731142,0.038929676960176594,0.8276366168198538,0.755699813598202,-0.643776189906531,-0.8375065828773921,-0.22398749140402718,-1.1705174319406701,-0.6988144565673631,0.8444426029761393,1.1308949994952118
-1.3295515254402333,0.2754602791347446,1.6983053227314013,0.7011095824262037,-0.645235119976331,-0.49353505811796555,0.2177444323656503,0.9245453798214455,-0.40678849462333516,-1.2716336060809281,0.24110325786094364
0.8046818999508427,-1.5012285800655565,-0.7895332704191232,0.7730892859864199,-0.41014685927005995,0.33306668631737923,1.1150370582967475,0.15277204533997266,-0.8319208020867546,-0.13347265220945925,-0.22845680917344005
1.8276869554640596,-0.6413707000016768,1.2810461490985308,-0.42065565319707243,0.3041419890479149,-0.775119648615215,0.5339484160790251,1.0679576366639205,0.41607081941096213,-0.42654454746896997,0.4701952760064477
1.3174238821869808,-2.4045233499487177,0.15223470408224798,0.19262448076122063,0.547503316589769,0.47621850377661096,0.23908127838622384,-0.8037358888507999,0.05443445577621765,0.7666080855217949,0.006544970360872238
-1.3495901212390158,0.6775248686747556,0.7415539687701138,-0.98640323461712,-2.190515997197456,0.1980490892742515,-1.7869612274318598,1.8236578452766539,-1.7662440245847342,-0.7915948768000121,0.13513722156470098
1.089124633560232,0.26885713246831494,2.3789989593801306,0.114240069507801,-0.17365773616823094,-0.6369074187258794,1.1218347039459702,0.29013553746126375,0.46676323497117195,0.9720763366223176,-1.0288421600366018
-0.13475984834924143,-0.06543369946789872,0.35485144709519784,1.5692880256276012,0.15868492981068444,-0.36874487823334196,1.6466019797220302,0.8482111655653798,0.11911109161724684,0.5978844686867089,-0.1352675824931595
0.9536013908039865,-2.83446835788961,0.49710978279444823,-0.8825966407949851,-0.5248149875062232,1.0254864653523719,-0.3784315258551667,0.6311846112717691,0.4675804403702815,0.013063949199164355,-0.5787278245712886
-0.595270571788142,-0.010294192539603552,2.2601473355386665,0.6931332851755104,0.7573529437431422,-1.120789070725413,0.5313925223712858,-1.274980144587352,0.08743866309995962,0.38412262324559315,0.5345219376999383
-1.4630387605630506,-1.2571298102484736,1.4677197581530128,-0.11048783885286276,-0.49584485233824205,-0.9193284426818099,-1.125177721932959,0.9418888199992849,1.2427165220192409,-0.19573053741969346,0.4728300273977005
-0.16942214569366817,-0.6986573836901075,0.4917259583564254,-0.9278909250272862,0.4871833726493343,0.23356397472836876,0.14452401834727915,-1.0215163535827934,-1.5259413536732347,1.574747501780177,-0.08050704260843458
-0.8573818633613882,1.1918213231914645,1.1782039041138224,-0.28294169145911835,1.0824516889891624,-1.0796203275725293,0.256397433077882,-0.262560126672796,-0.37727506841344693,1.2487877544013561,1.5968571856710014
-1.2208070020679915,-0.7658104814957731,-0.6684537059550891,-0.4955810750152662,-0.7380025914454007,0.024455145072391903,0.32859149799821413,0.4496501946683468,-2.0391356367729787,0.7832189377209229,-1.2897245260769787
-0.23000090303716145,-1.2396935198331869,-0.7453371501408145,-0.1476853625873844,1.5419321785895916,0.8696943620366475,0.655172903971687,2.550337366347054,-0.1869924391028634,0.40234792191929575,0.16894689629196175
-0.2054787210410745,0.2302540361301555,1.0560410480763538,-0.05081424496862639,-1.9346324323139203,0.2752246394403643,0.5950781508755444,-0.25437590357911355,1.069556040313045,1.368557320089554,0.5311135714194225
-0.5658981389952693,-0.6057534819886529,0.29471301206495304,-0.5880871426000593,1.0668104213201794,-0.9293378376636038,0.058994734089807835,0.8478209085513526,-0.17164509612304732,1.6584443823205097,0.39665901619580285
-0.3223623978222162,-1.3231461704714522,0.890111130478752,2.247864243542091,1.412187826953701,-0.02877681969941076,0.1644933807896927,0.42588108832773824,-0.49233857471469833,0.20445379699262664,0.30955387335539036
0.45522372919045956,-2.6509610987663645,-0.3662844525157068,-0.6907766633693271,0.255084512584148,-0.015888609538634704,1.2126721932355264,-1.1430050726264462,-0.5920145635095855,-0.04020857360619623,0.7279551566496799
0.2672793769298736,-1.5939209935762342,0.09894522926475946,0.5831221786704642,-0.631701807090009,-0.7074101445570005,-0.18755361762981682,-0.853583272725159,-0.14622567124668517,1.3245548160500689,0.40457179244362995
-1.2855177910828166,-0.4531140138193224,1.3750433762405454,0.5643643712555719,-1.1852393799334404,0.668167065789007,0.008671261055219424,-0.44149590353731993,-1.5537354912656736,-1.218845369534917,0.8741461403734625
1.0694900388271735,0.803229768010015,1.674972573910763,2.252138327116411,0.6727131694027342,-0.7072382908451708,0.9328775693888719,0.24530671240011764,-1.12137100675857,0.2262754543821654,0.5545742063471945
-2.213633874209336,-0.4215644978769819,-0.06690245133144333,1.0596906240101662,-0.8953438466428475,-2.0376767651961063,0.9160381813570947,0.5574734397289443,-0.15992690732431816,-0.2392121678746179,0.1816102338725097
0.4785568984625221,-0.8392830946917216,1.2561686810862798,0.3074759916274216,-0.6995592756632735,-2.0729581179976053,-0.7326116309551621,1.1201068454832834,0.4177332398131401,0.576395224904965,-0.33015034014693023
0.2901386957955576,-2.3889530154656753,-0.45891326473400174,0.3204551894979291,-0.31389205616558846,1.6914434593286791,1.0732707540304605,0.9785978660107507,-0.4197305763939476,-0.3924156921929165,0.2696831143460235
3.246736668018049,-0.2927040692816269,2.7542724535722334,-0.7528604719090519,-1.3339680890219157,1.1344930002863642,-0.20774748801875742,1.0093579275952433,-0.3424006049309103,-0.027650780541032857,-0.5289383817317588
0.43550955241435574,-0.1514748747231286,0.35990629612552527,2.405000129495889,-0.38902350797329943,-1.66026321207099,0.3791264348167458,1.3432615643422658,0.10846624434945706,1.443664281125854,-0.9410820630940894
-1.621916819352833,-1.547023744507984,2.208060793559487,-0.3081508511599316,-0.12582028901581882,-0.13521323950863245,-0.18848148163708925,0.5746264770042642,0.975043168010874,0.008671893525825583,0.08881026088264722
0.3922056639408888,-1.3608251929305142,2.703500150850724,0.3994815682956449,0.9154901529031213,-0.7069227948986463,-0.07923742212739282,-0.31189843085019986,-0.5349445859155546,0.24739793366740095,-0.5925368289720557
1.8078381994391144,-0.1831044510607076,2.1953572029728963,-0.8923765139397576,1.9128946390972394,0.12133620876728096,0.6229950304938568,0.7301226223104994,-1.010983082427864,1.067902646496037,-0.5536155425114345
-1.0176798897975112,-0.8334307761446975,2.5751721697164056,0.10091740579736967,0.14335275908164147,-1.0878911765392556,-0.3450282499086892,-0.32275698918652695,-0.04941703459556357,-0.25416334491365294,0.3550579381180539
-0.19456684592137635,-0.06072676881220511,1.263091192722243,0.4585096558383364,-1.098794673666424,-0.6270446188292627,0.05587320122703204,-1.3546841878217348,-0.30998770970640027,0.7980458690327717,1.4588891269186284
-0.27415103975433647,-2.737764718496536,0.07450340402548356,0.6988657574974979,-0.2545669751696233,-0.5792133536679184,-0.8811581943869718,-0.8148985960848587,-0.1723001978116087,1.2840695763444485,0.07922014289352258
1.1178544982045628,-1.2396844649338512,0.09736086537071542,1.6780979530626534,0.7339948050616648,-1.2807414573185665,-0.012199419135527413,1.4288681132989585,-0.6848643891149505,-0.530634453347825,0.5097831690663879
-1.9710248557696572,-1.1298938961790022,1.5820303731329095,-1.940962023361694,-0.10303256597263705,2.134543239928614,0.050009496037444756,-0.08733962753906273,-0.563334773731385,0.8214323225169158,0.5881541954966789
-0.8720181184789003,-0.631558563418795,1.1306023774406853,-0.8148582447460254,-2.272432821807506,0.5227385364576167,-0.10975432314834338,0.5304179534514063,0.8030723758565583,0.2527484610428669,1.2770186931560872
-1.325551044744019,-0.7172646687800316,2.8068373016702988,0.8041876467835439,-0.3126971210709153,0.03056744250414766,-1.0827878194810157,1.3155920071073246,-0.8789272530867639,-1.6735010559749255,-0.024849435296625505
-0.8561871095063915,-2.109594088878004,-0.5817875213940965,1.3550172298255303,-0.6872556456590315,0.5576089724639492,0.3965841325627056,0.2809277126052348,-0.5715114941352063,0.6830513155913426,0.1275414434603559
-0.516223897056449,-0.669981545464118,0.9673283213001377,1.2188012321246857,0.4246053533127556,0.15878625624347842,2.0635529246188318,0.6857520201101982,-0.3834943348886753,0.31290743517256076,-0.07647500583410849
0.9323971563151097,-0.6176358264072901,0.6779075419907697,0.23276370398391732,-1.5752748819132714,0.16666806001657625,0.760116178525871,0.2077783533199076,0.6805474082779118,2.024868365094513,0.002687282529136635
-0.9679477897943081,-0.5158647857488476,2.2992112652770933,-0.6479962548715897,-1.3907239690722855,-0.8065686459657423,-0.5449092570998555,1.588879727344306,0.9662076447538472,-0.31168120370504104,0.5333049398620116
-1.8248377405808303,-0.13732116961473673,-0.5335459547219153,-0.021679913385225007,-2.7028121298777235,0.8467660563131985,1.1737293114189944,1.4542970858386721,0.2979321537473716,-0.45300537479288705,2.3665696285062925
-2.0224372520359846,-1.944205891479257,1.7754524375988157,-0.42446944361550926,-0.5837876450177396,-1.5588681510786935,-0.45705306699784676,0.31776237581257427,0.4084733279446956,-0.0980952545765446,-0.5762307309350544
1.153167096610603,-0.8841799374157856,0.651744033346075,0.8265886691102889,-1.453834336798771,-1.226721872527155,-0.7758708895355277,-0.0952766625322339,-0.16106894362580643,1.6753920675091207,0.0918102209874674
0.2826154706743814,-2.435503491230997,0.5454194252893845,-0.7723863117037543,0.7933033846114301,0.22752922545170112,1.7752982495592733,1.1041439289956518,1.0127217678088312,0.1640923388385405,0.5936991932034048
0.7791188181714045,-1.4463744022169702,-0.11104779161006008,1.5721197235379698,0.8333000581624478,-1.377963150749788,0.6671475211746106,1.1563605278681017,-0.9153329968626663,-0.4607852586325547,0.9288130199479536
0.5962360269952307,-1.4274374075156626,-0.7798591920570533,-0.5162480208389439,0.9361321757772959,-2.0079065116614108,-0.47297339029279134,1.8719108094518138,-0.0486387466149883,1.6213438878542736,0.6851160549705557
1.223721049679604,-1.892982022634818,0.6776159218179089,-0.8027227151662079,-0.5475857112204549,1.1093597968178508,2.5419150793284775,-0.13340687722927547,0.16283670126246744,1.2638478963634223,-0.0102090170273383
